record_type,case,seed,condition,primary_uts_mpa,primary_ym_mpa,ym_points_0_10pct,max_strain,negative_strain_fraction,negative_stress_fraction,l0_nm,v0_nm3,csa_nm2,qc_fatal_flags,qc_geometry_warnings,wt_primary_uts_mpa,wt_primary_ym_mpa,uts_reduction_vs_paired_wt_pct,ym_reduction_vs_paired_wt_pct,paired_wt_qc_fatal_flags,paired_wt_geometry_warnings,pair_reportable
WT,WT,1,16 X,240.97954144515091,4156.303300667703,5723,6.324300270071201,0.001563997780132183,0.0004036123303566924,1.95504,74.949,38.33630002455193,pass,pass,,,,,,,
WT,WT,1,23 X,123.69617594955767,2358.4156441388905,2585,6.308018549275959,0.022403875264910687,0.0002018367140982945,1.96881,74.949,38.06817316043701,pass,pass,,,,,,,
WT,WT,1,23 Y,75.39344396415153,780.5236559213151,3098,15.481782263911292,0.013694845686320942,0.0,0.889655,74.938,84.23265198307209,pass,pass,,,,,,,
WT,WT,1,16 Y,103.10480005101397,1105.9722693796646,5529,17.148251928594277,0.0004324579336373644,0.00027520050322377734,0.806546,74.938,92.91224555078074,pass,pass,,,,,,,
WT,WT,2,16 X,255.0611844135728,4134.351813234874,6072,6.470793436451428,0.0012819248594813134,0.0004930480228774283,1.95504,74.949,38.33630002455193,pass,pass,,,,,,,
WT,WT,2,23 X,147.25986508711804,2277.4984143075594,3297,6.4703017469560615,0.019043741801239425,9.046908219116118e-05,1.889,74.949,39.67654843832715,pass,pass,,,,,,,
WT,WT,2,23 Y,69.56190317391705,720.1679164627834,2812,15.347235726208476,0.014650847997452027,0.0,0.889655,74.938,84.23265198307209,pass,pass,,,,,,,
WT,WT,2,16 Y,106.94347115246626,790.8902228199466,5726,21.868605183769528,0.0006517252615952786,0.00021724175386509287,0.63313,74.938,118.36115805600748,pass,initial_length_differs_from_seed1_by_gt10pct,,,,,,,
WT,WT,3,16 X,257.7133695576752,4154.4539142784215,6116,6.357854570750471,0.0021693068307940674,0.0004035919685198265,1.95504,74.949,38.33630002455193,pass,pass,,,,,,,
WT,WT,3,23 X,140.0287173933917,2342.675049583154,3119,6.677924827951298,0.019089839862480775,9.047317470370036e-05,1.889,74.949,39.67654843832715,pass,pass,,,,,,,
WT,WT,3,23 Y,71.82239884775889,762.4762638215042,2853,15.350607819885235,0.02153748158764282,0.0,0.889655,74.938,84.23265198307209,pass,pass,,,,,,,
WT,WT,3,16 Y,96.42047587306115,732.9894501636427,5524,21.89592974586578,0.00036163749457543756,0.00021698249674526255,0.63313,74.938,118.36115805600748,pass,initial_length_differs_from_seed1_by_gt10pct,,,,,,,
case,Case 1,1,16 X,245.71908765244245,4238.088809230168,5902,6.758236841824941,0.011441534743798392,0.00024658480051289636,1.87754,75.325,40.11898548100174,pass,pass,240.97954144515091,4156.303300667703,-1.9667836443162612,-1.9677463997713085,pass,pass,True
case,Case 1,2,16 X,215.46340048114007,4557.989871964126,5045,6.754029208432311,0.016669132514671794,0.00024658480051289636,1.87754,75.325,40.11898548100174,pass,pass,255.0611844135728,4134.351813234874,15.524817711277583,-10.246782999286697,pass,pass,True
case,Case 1,3,16 X,227.59818570361526,4337.701464561194,5547,6.775759770763872,0.006952662721893491,0.0002465483234714004,1.87754,75.325,40.11898548100174,pass,pass,257.7133695576752,4154.4539142784215,11.685534167570722,-4.410869733154832,pass,pass,True
case,Case 2,1,16 Y,87.67570576941972,819.4085550731498,4198,16.85419975656416,0.004767174597769644,0.0002979484123606027,0.819107,76.709,93.64954761710008,pass,pass,103.10480005101397,1105.9722693796646,14.964477186280634,25.910569572169038,pass,pass,True
case,Case 2,2,16 Y,98.85505892756206,904.3696221313663,4451,16.91133514913192,0.003958625973694292,0.000297961094794194,0.819107,76.709,93.64954761710008,pass,pass,106.94347115246626,790.8902228199466,7.563259484417506,-14.348312324156055,pass,initial_length_differs_from_seed1_by_gt10pct,True
case,Case 2,3,16 Y,90.07073020990518,782.7520234450171,4195,10.643436083442088,0.004658637806168118,0.00014240377573439663,0.819107,76.709,93.64954761710008,pass,pass,96.42047587306115,732.9894501636427,6.585474304768524,-6.788989018909453,pass,initial_length_differs_from_seed1_by_gt10pct,True
case,Case 3,1,23 X,96.36037255088709,1648.7760253283093,2337,6.777134494459722,0.012588626826797858,4.82322866927121e-05,1.86543,78.178,41.90883603244292,pass,pass,123.69617594955767,2358.4156441388905,22.09914994447193,30.08967569283939,pass,pass,True
case,Case 3,2,23 X,93.4915288989428,1435.2181820030623,2122,6.805975029885872,0.019099064338767242,4.822996045143243e-05,1.86543,78.178,41.90883603244292,pass,pass,147.25986508711804,2277.4984143075594,36.51255293244105,36.98269237041731,pass,pass,True
case,Case 3,3,23 X,100.78028144209576,1696.7780273541578,2241,6.784049790128818,0.020598166907863,4.82392667631452e-05,1.86543,78.178,41.90883603244292,pass,pass,140.0287173933917,2342.675049583154,28.02884771202523,27.570918226320995,pass,pass,True
case,Case 4,1,23 Y,40.18297867321029,295.1027024183772,1616,19.605306917589612,0.013529915750392689,3.569898614879337e-05,0.701198,77.715,110.83174795136324,pass,pass,75.39344396415153,780.5236559213151,46.702290596624415,62.19170294460279,pass,pass,True
case,Case 4,2,23 Y,41.56807277729855,364.2199496018725,1687,19.200998861947696,0.013807561627991035,3.614544928793465e-05,0.701198,77.715,110.83174795136324,pass,pass,69.56190317391705,720.1679164627834,40.24304844942061,49.425690692971244,pass,pass,True
case,Case 4,3,23 Y,44.711710922456,392.65009072661985,1967,19.485511938140156,0.010348874426544329,3.556314235925887e-05,0.701198,77.715,110.83174795136324,pass,pass,71.82239884775889,762.4762638215042,37.74684271235371,48.50330307219382,pass,pass,True
case,Case 5,1,23 X,100.226924238067,1651.039179830583,2657,6.955372261976294,0.0016841732039179188,0.00044320347471524176,1.8307,76.268,41.66056699623095,pass,pass,123.69617594955767,2358.4156441388905,18.973304171554382,29.9937148935673,pass,pass,True
case,Case 5,2,23 X,98.32251560068318,1384.3588588961256,2624,6.846779920249085,0.000995475113122172,0.00045248868778280545,1.8307,76.268,41.66056699623095,pass,pass,147.25986508711804,2277.4984143075594,33.23196680744195,39.21581458852431,pass,pass,True
case,Case 5,3,23 X,103.52962399278826,1575.5025488255774,2755,6.974490631998689,0.0009306448038998449,0.0005761134500332373,1.8307,76.268,41.66056699623095,pass,pass,140.0287173933917,2342.675049583154,26.06543434805889,32.747712957206076,pass,pass,True
case,Case 6,1,23 X,98.12004903285627,1329.9039460619708,2513,6.723968497907483,0.0038846765889731347,0.00046803332397266686,1.88051,76.734,40.80488803569244,pass,pass,123.69617594955767,2358.4156441388905,20.67657041162787,43.61028136125903,pass,pass,True
case,Case 6,2,23 X,108.52845821993047,1634.2908566355352,2824,6.741729637172896,0.0012608573830204539,0.0004202857943401513,1.88051,76.734,40.80488803569244,pass,pass,147.25986508711804,2277.4984143075594,26.301400482931527,28.24184436886127,pass,pass,True
case,Case 6,3,23 X,103.18238016189437,1392.199975012467,2661,6.745717916948062,0.0027534067575135336,0.00037334328915437746,1.88051,76.734,40.80488803569244,pass,pass,140.0287173933917,2342.675049583154,26.313414789041122,40.572211444340546,pass,pass,True
case,Case 7,1,23 X,104.19368145471486,1398.9098810124603,2540,6.573702142223745,0.008175277959450621,0.0003270111183780249,1.92837,78.382,40.64676384718701,pass,pass,123.69617594955767,2358.4156441388905,15.766448999034354,40.68433677121265,pass,pass,True
case,Case 7,2,23 X,84.93068650100643,1346.980300452301,1974,6.546684505566878,0.013830483132417531,0.00032707223623960375,1.92837,78.382,40.64676384718701,pass,pass,147.25986508711804,2277.4984143075594,42.32597833037403,40.857025761669696,pass,pass,True
case,Case 7,3,23 X,88.23899642124336,1472.6583099773818,2135,6.509969559783652,0.010242129607778355,0.0003303912776702695,1.92837,78.382,40.64676384718701,pass,pass,140.0287173933917,2342.675049583154,36.985071302661545,37.137747284267164,pass,pass,True
case,Case 8,1,23 Y,50.62453698428709,384.3256866377975,2210,17.224445217952795,0.0009139027455161646,0.00022847568637904115,0.792924,76.295,96.21981425710408,pass,pass,75.39344396415153,780.5236559213151,32.852865816345634,50.76053317254724,pass,pass,True
case,Case 8,2,23 Y,50.45144970912186,507.8525859122395,2588,17.311212676120284,0.0033118885378202443,0.00019033842171380715,0.792924,76.295,96.21981425710408,pass,pass,69.56190317391705,720.1679164627834,27.4725857011354,29.481364789667897,pass,pass,True
case,Case 8,3,23 Y,59.94606006465871,398.47813953480664,2357,17.250677240189475,0.0005710804842762507,0.00019036016142541688,0.792924,76.295,96.21981425710408,pass,pass,71.82239884775889,762.4762638215042,16.53570330931764,47.73894500824875,pass,pass,True
case,Case 9,1,23 Y,53.24314274581918,539.928537043985,2438,15.043230785733796,0.004722319790812941,0.0003122194903016821,0.904263,76.523,84.62471648181999,pass,pass,75.39344396415153,780.5236559213151,29.379611878274847,30.824833693648436,pass,pass,True
case,Case 9,2,23 Y,52.38365497358794,520.7015253873429,1922,15.067670578139325,0.010453641221671802,0.0003120489916916956,0.904263,76.523,84.62471648181999,pass,pass,69.56190317391705,720.1679164627834,24.69490829970602,27.69720595929219,pass,pass,True
case,Case 9,3,23 Y,62.89618598851639,548.0536623730294,2475,15.043562547621653,0.0038249873150930877,0.00031224386245657856,0.904263,76.523,84.62471648181999,pass,pass,71.82239884775889,762.4762638215042,12.428174222032439,28.121872328693385,pass,pass,True
case,Case 10,1,23 Y,59.67687940662837,462.81176075445137,1770,15.12071251500544,0.009841146842309183,0.0002324680356450988,0.908837,77.033,84.75997346058755,pass,pass,75.39344396415153,780.5236559213151,20.84606264305442,40.70496682023593,pass,pass,True
case,Case 10,2,23 Y,61.51693895155846,455.69066509886517,2214,15.035108605833608,0.0059688682557640545,0.000273085475753911,0.908837,77.033,84.75997346058755,pass,pass,69.56190317391705,720.1679164627834,11.565187056835914,36.72438681563869,pass,pass,True
case,Case 10,3,23 Y,55.78247757390605,553.3329930997758,2092,14.960947892746445,0.007019459501618376,0.00023398198338727918,0.908837,77.033,84.75997346058755,pass,pass,71.82239884775889,762.4762638215042,22.332756258743846,27.429479532059098,pass,pass,True
